Date,Close,High,Low,Open,Volume,Index,"('Date', '')","('Close', '^NSEI')","('High', '^NSEI')","('Low', '^NSEI')","('Open', '^NSEI')","('Volume', '^NSEI')","('Index', '')","('Date', '').1","('Close', '^NSEI').1","('High', '^NSEI').1","('Low', '^NSEI').1","('Open', '^NSEI').1","('Volume', '^NSEI').1","('Index', '').1","('Date', '').2","('Close', '^NSEI').2","('High', '^NSEI').2","('Low', '^NSEI').2","('Open', '^NSEI').2","('Volume', '^NSEI').2","('Index', '').2","('Date', '').3","('Close', '^NSEI').3","('High', '^NSEI').3","('Low', '^NSEI').3","('Open', '^NSEI').3","('Volume', '^NSEI').3","('Index', '').3","('Date', '').4","('Close', '^NSEI').4","('High', '^NSEI').4","('Low', '^NSEI').4","('Open', '^NSEI').4","('Volume', '^NSEI').4","('Index', '').4","('Date', '').5","('Close', '^NSEI').5","('High', '^NSEI').5","('Low', '^NSEI').5","('Open', '^NSEI').5","('Volume', '^NSEI').5","('Index', '').5","('Date', '').6","('Close', '^NSEI').6","('High', '^NSEI').6","('Low', '^NSEI').6","('Open', '^NSEI').6","('Volume', '^NSEI').6","('Index', '').6","('Date', '').7","('Close', '^NSEI').7","('High', '^NSEI').7","('Low', '^NSEI').7","('Open', '^NSEI').7","('Volume', '^NSEI').7","('Index', '').7","('Date', '').8","('Close', '^NSEI').8","('High', '^NSEI').8","('Low', '^NSEI').8","('Open', '^NSEI').8","('Volume', '^NSEI').8","('Index', '').8","('Date', '').9","('Close', '^NSEI').9","('High', '^NSEI').9","('Low', '^NSEI').9","('Open', '^NSEI').9","('Volume', '^NSEI').9","('Index', '').9","('Date', '').10","('Close', '^NSEI').10","('High', '^NSEI').10","('Low', '^NSEI').10","('Open', '^NSEI').10","('Volume', '^NSEI').10","('Index', '').10","('Date', '').11","('Close', '^NSEI').11","('High', '^NSEI').11","('Low', '^NSEI').11","('Open', '^NSEI').11","('Volume', '^NSEI').11","('Index', '').11","('Date', '').12","('Close', '^NSEI').12","('High', '^NSEI').12","('Low', '^NSEI').12","('Open', '^NSEI').12","('Volume', '^NSEI').12","('Index', '').12","('Date', '').13","('Close', '^NSEI').13","('High', '^NSEI').13","('Low', '^NSEI').13","('Open', '^NSEI').13","('Volume', '^NSEI').13","('Index', '').13","('Date', '').14","('Close', '^NSEI').14","('High', '^NSEI').14","('Low', '^NSEI').14","('Open', '^NSEI').14","('Volume', '^NSEI').14","('Index', '').14","('Date', '').15","('Close', '^NSEI').15","('High', '^NSEI').15","('Low', '^NSEI').15","('Open', '^NSEI').15","('Volume', '^NSEI').15","('Index', '').15","('Date', '').16","('Close', '^NSEI').16","('High', '^NSEI').16","('Low', '^NSEI').16","('Open', '^NSEI').16","('Volume', '^NSEI').16","('Index', '').16","('Date', '').17","('Close', '^NSEI').17","('High', '^NSEI').17","('Low', '^NSEI').17","('Open', '^NSEI').17","('Volume', '^NSEI').17","('Index', '').17","('Date', '').18","('Close', '^NSEI').18","('High', '^NSEI').18","('Low', '^NSEI').18","('Open', '^NSEI').18","('Volume', '^NSEI').18","('Index', '').18","('Date', '').19","('Close', '^NSEI').19","('High', '^NSEI').19","('Low', '^NSEI').19","('Open', '^NSEI').19","('Volume', '^NSEI').19","('Index', '').19","('Date', '').20","('Close', '^NSEI').20","('High', '^NSEI').20","('Low', '^NSEI').20","('Open', '^NSEI').20","('Volume', '^NSEI').20","('Index', '').20","('Date', '').21","('Close', '^NSEI').21","('High', '^NSEI').21","('Low', '^NSEI').21","('Open', '^NSEI').21","('Volume', '^NSEI').21","('Index', '').21","('Date', '').22","('Close', '^NSEI').22","('High', '^NSEI').22","('Low', '^NSEI').22","('Open', '^NSEI').22","('Volume', '^NSEI').22","('Index', '').22","('Date', '').23","('Close', '^NSEI').23","('High', '^NSEI').23","('Low', '^NSEI').23","('Open', '^NSEI').23","('Volume', '^NSEI').23","('Index', '').23","('Date', '').24","('Close', '^NSEI').24","('High', '^NSEI').24","('Low', '^NSEI').24","('Open', '^NSEI').24","('Volume', '^NSEI').24","('Index', '').24","('Date', '').25","('Close', '^NSEI').25","('High', '^NSEI').25","('Low', '^NSEI').25","('Open', '^NSEI').25","('Volume', '^NSEI').25","('Index', '').25","('Date', '').26","('Close', '^NSEI').26","('High', '^NSEI').26","('Low', '^NSEI').26","('Open', '^NSEI').26","('Volume', '^NSEI').26","('Index', '').26","('Date', '').27","('Close', '^NSEI').27","('High', '^NSEI').27","('Low', '^NSEI').27","('Open', '^NSEI').27","('Volume', '^NSEI').27","('Index', '').27","('Date', '').28","('Close', '^NSEI').28","('High', '^NSEI').28","('Low', '^NSEI').28","('Open', '^NSEI').28","('Volume', '^NSEI').28","('Index', '').28","('Date', '').29","('Close', '^NSEI').29","('High', '^NSEI').29","('Low', '^NSEI').29","('Open', '^NSEI').29","('Volume', '^NSEI').29","('Index', '').29","('Date', '').30","('Close', '^NSEI').30","('High', '^NSEI').30","('Low', '^NSEI').30","('Open', '^NSEI').30","('Volume', '^NSEI').30","('Index', '').30","('Date', '').31","('Close', '^NSEI').31","('High', '^NSEI').31","('Low', '^NSEI').31","('Open', '^NSEI').31","('Volume', '^NSEI').31","('Index', '').31","('Date', '').32","('Close', '^NSEI').32","('High', '^NSEI').32","('Low', '^NSEI').32","('Open', '^NSEI').32","('Volume', '^NSEI').32","('Index', '').32","('Date', '').33","('Close', '^NSEI').33","('High', '^NSEI').33","('Low', '^NSEI').33","('Open', '^NSEI').33","('Volume', '^NSEI').33","('Index', '').33","('Date', '').34","('Close', '^NSEI').34","('High', '^NSEI').34","('Low', '^NSEI').34","('Open', '^NSEI').34","('Volume', '^NSEI').34","('Index', '').34","('Date', '').35","('Close', '^NSEI').35","('High', '^NSEI').35","('Low', '^NSEI').35","('Open', '^NSEI').35","('Volume', '^NSEI').35","('Index', '').35","('Date', '').36","('Close', '^NSEI').36","('High', '^NSEI').36","('Low', '^NSEI').36","('Open', '^NSEI').36","('Volume', '^NSEI').36","('Index', '').36","('Date', '').37","('Close', '^NSEI').37","('High', '^NSEI').37","('Low', '^NSEI').37","('Open', '^NSEI').37","('Volume', '^NSEI').37","('Index', '').37","('Date', '').38","('Close', '^NSEI').38","('High', '^NSEI').38","('Low', '^NSEI').38","('Open', '^NSEI').38","('Volume', '^NSEI').38","('Index', '').38","('Date', '').39","('Close', '^NSEI').39","('High', '^NSEI').39","('Low', '^NSEI').39","('Open', '^NSEI').39","('Volume', '^NSEI').39","('Index', '').39","('Date', '').40","('Close', '^NSEI').40","('High', '^NSEI').40","('Low', '^NSEI').40","('Open', '^NSEI').40","('Volume', '^NSEI').40","('Index', '').40","('Date', '').41","('Close', '^NSEI').41","('High', '^NSEI').41","('Low', '^NSEI').41","('Open', '^NSEI').41","('Volume', '^NSEI').41","('Index', '').41","('Date', '').42","('Close', '^NSEI').42","('High', '^NSEI').42","('Low', '^NSEI').42","('Open', '^NSEI').42","('Volume', '^NSEI').42","('Index', '').42","('Date', '').43","('Close', '^NSEI').43","('High', '^NSEI').43","('Low', '^NSEI').43","('Open', '^NSEI').43","('Volume', '^NSEI').43","('Index', '').43","('Date', '').44","('Close', '^NSEI').44","('High', '^NSEI').44","('Low', '^NSEI').44","('Open', '^NSEI').44","('Volume', '^NSEI').44","('Index', '').44","('Date', '').45","('Close', '^NSEI').45","('High', '^NSEI').45","('Low', '^NSEI').45","('Open', '^NSEI').45","('Volume', '^NSEI').45","('Index', '').45","('Date', '').46","('Close', '^NSEI').46","('High', '^NSEI').46","('Low', '^NSEI').46","('Open', '^NSEI').46","('Volume', '^NSEI').46","('Index', '').46","('Date', '').47","('Close', '^NSEI').47","('High', '^NSEI').47","('Low', '^NSEI').47","('Open', '^NSEI').47","('Volume', '^NSEI').47","('Index', '').47","('Date', '').48","('Close', '^NSEI').48","('High', '^NSEI').48","('Low', '^NSEI').48","('Open', '^NSEI').48","('Volume', '^NSEI').48","('Index', '').48","('Date', '').49","('Close', '^NSEI').49","('High', '^NSEI').49","('Low', '^NSEI').49","('Open', '^NSEI').49","('Volume', '^NSEI').49","('Index', '').49","('Date', '').50","('Close', '^NSEI').50","('High', '^NSEI').50","('Low', '^NSEI').50","('Open', '^NSEI').50","('Volume', '^NSEI').50","('Index', '').50","('Date', '').51","('Close', '^NSEI').51","('High', '^NSEI').51","('Low', '^NSEI').51","('Open', '^NSEI').51","('Volume', '^NSEI').51","('Index', '').51","('Date', '').52","('Close', '^NSEI').52","('High', '^NSEI').52","('Low', '^NSEI').52","('Open', '^NSEI').52","('Volume', '^NSEI').52","('Index', '').52","('Date', '').53","('Close', '^NSEI').53","('High', '^NSEI').53","('Low', '^NSEI').53","('Open', '^NSEI').53","('Volume', '^NSEI').53","('Index', '').53","('Date', '').54","('Close', '^NSEI').54","('High', '^NSEI').54","('Low', '^NSEI').54","('Open', '^NSEI').54","('Volume', '^NSEI').54","('Index', '').54","('Date', '').55","('Close', '^NSEI').55","('High', '^NSEI').55","('Low', '^NSEI').55","('Open', '^NSEI').55","('Volume', '^NSEI').55","('Index', '').55","('Date', '').56","('Close', '^NSEI').56","('High', '^NSEI').56","('Low', '^NSEI').56","('Open', '^NSEI').56","('Volume', '^NSEI').56","('Index', '').56","('Date', '').57","('Close', '^NSEI').57","('High', '^NSEI').57","('Low', '^NSEI').57","('Open', '^NSEI').57","('Volume', '^NSEI').57","('Index', '').57","('Date', '').58","('Close', '^NSEI').58","('High', '^NSEI').58","('Low', '^NSEI').58","('Open', '^NSEI').58","('Volume', '^NSEI').58","('Index', '').58","('Date', '').59","('Close', '^NSEI').59","('High', '^NSEI').59","('Low', '^NSEI').59","('Open', '^NSEI').59","('Volume', '^NSEI').59","('Index', '').59","('Date', '').60","('Close', '^NSEI').60","('High', '^NSEI').60","('Low', '^NSEI').60","('Open', '^NSEI').60","('Volume', '^NSEI').60","('Index', '').60","('Date', '').61","('Close', '^NSEI').61","('High', '^NSEI').61","('Low', '^NSEI').61","('Open', '^NSEI').61","('Volume', '^NSEI').61","('Index', '').61","('Date', '').62","('Close', '^NSEI').62","('High', '^NSEI').62","('Low', '^NSEI').62","('Open', '^NSEI').62","('Volume', '^NSEI').62","('Index', '').62","('Date', '').63","('Close', '^NSEI').63","('High', '^NSEI').63","('Low', '^NSEI').63","('Open', '^NSEI').63","('Volume', '^NSEI').63","('Index', '').63","('Date', '').64","('Close', '^NSEI').64","('High', '^NSEI').64","('Low', '^NSEI').64","('Open', '^NSEI').64","('Volume', '^NSEI').64","('Index', '').64","('Date', '').65","('Close', '^NSEI').65","('High', '^NSEI').65","('Low', '^NSEI').65","('Open', '^NSEI').65","('Volume', '^NSEI').65","('Index', '').65","('Date', '').66","('Close', '^NSEI').66","('High', '^NSEI').66","('Low', '^NSEI').66","('Open', '^NSEI').66","('Volume', '^NSEI').66","('Index', '').66","('Date', '').67","('Close', '^NSEI').67","('High', '^NSEI').67","('Low', '^NSEI').67","('Open', '^NSEI').67","('Volume', '^NSEI').67","('Index', '').67","('Date', '').68","('Close', '^NSEI').68","('High', '^NSEI').68","('Low', '^NSEI').68","('Open', '^NSEI').68","('Volume', '^NSEI').68","('Index', '').68","('Date', '').69","('Close', '^NSEI').69","('High', '^NSEI').69","('Low', '^NSEI').69","('Open', '^NSEI').69","('Volume', '^NSEI').69","('Index', '').69","('Date', '').70","('Close', '^NSEI').70","('High', '^NSEI').70","('Low', '^NSEI').70","('Open', '^NSEI').70","('Volume', '^NSEI').70","('Index', '').70","('Date', '').71","('Close', '^NSEI').71","('High', '^NSEI').71","('Low', '^NSEI').71","('Open', '^NSEI').71","('Volume', '^NSEI').71","('Index', '').71","('Date', '').72","('Close', '^NSEI').72","('High', '^NSEI').72","('Low', '^NSEI').72","('Open', '^NSEI').72","('Volume', '^NSEI').72","('Index', '').72","('Date', '').73","('Close', '^NSEI').73","('High', '^NSEI').73","('Low', '^NSEI').73","('Open', '^NSEI').73","('Volume', '^NSEI').73","('Index', '').73","('Date', '').74","('Close', '^NSEI').74","('High', '^NSEI').74","('Low', '^NSEI').74","('Open', '^NSEI').74","('Volume', '^NSEI').74","('Index', '').74","('Date', '').75","('Close', '^NSEI').75","('High', '^NSEI').75","('Low', '^NSEI').75","('Open', '^NSEI').75","('Volume', '^NSEI').75","('Index', '').75","('Date', '').76","('Close', '^NSEI').76","('High', '^NSEI').76","('Low', '^NSEI').76","('Open', '^NSEI').76","('Volume', '^NSEI').76","('Index', '').76","('Date', '').77","('Close', '^NSEI').77","('High', '^NSEI').77","('Low', '^NSEI').77","('Open', '^NSEI').77","('Volume', '^NSEI').77","('Index', '').77","('Date', '').78","('Close', '^NSEI').78","('High', '^NSEI').78","('Low', '^NSEI').78","('Open', '^NSEI').78","('Volume', '^NSEI').78","('Index', '').78","('Date', '').79","('Close', '^NSEI').79","('High', '^NSEI').79","('Low', '^NSEI').79","('Open', '^NSEI').79","('Volume', '^NSEI').79","('Index', '').79","('Date', '').80","('Close', '^NSEI').80","('High', '^NSEI').80","('Low', '^NSEI').80","('Open', '^NSEI').80","('Volume', '^NSEI').80","('Index', '').80","('Date', '').81","('Close', '^NSEI').81","('High', '^NSEI').81","('Low', '^NSEI').81","('Open', '^NSEI').81","('Volume', '^NSEI').81","('Index', '').81","('Date', '').82","('Close', '^NSEI').82","('High', '^NSEI').82","('Low', '^NSEI').82","('Open', '^NSEI').82","('Volume', '^NSEI').82","('Index', '').82","('Date', '').83","('Close', '^NSEI').83","('High', '^NSEI').83","('Low', '^NSEI').83","('Open', '^NSEI').83","('Volume', '^NSEI').83","('Index', '').83","('Date', '').84","('Close', '^NSEI').84","('High', '^NSEI').84","('Low', '^NSEI').84","('Open', '^NSEI').84","('Volume', '^NSEI').84","('Index', '').84","('Date', '').85","('Close', '^NSEI').85","('High', '^NSEI').85","('Low', '^NSEI').85","('Open', '^NSEI').85","('Volume', '^NSEI').85","('Index', '').85","('Date', '').86","('Close', '^NSEI').86","('High', '^NSEI').86","('Low', '^NSEI').86","('Open', '^NSEI').86","('Volume', '^NSEI').86","('Index', '').86","('Date', '').87","('Close', '^NSEI').87","('High', '^NSEI').87","('Low', '^NSEI').87","('Open', '^NSEI').87","('Volume', '^NSEI').87","('Index', '').87","('Date', '').88","('Close', '^NSEI').88","('High', '^NSEI').88","('Low', '^NSEI').88","('Open', '^NSEI').88","('Volume', '^NSEI').88","('Index', '').88","('Date', '').89","('Close', '^NSEI').89","('High', '^NSEI').89","('Low', '^NSEI').89","('Open', '^NSEI').89","('Volume', '^NSEI').89","('Index', '').89","('Date', '').90","('Close', '^NSEI').90","('High', '^NSEI').90","('Low', '^NSEI').90","('Open', '^NSEI').90","('Volume', '^NSEI').90","('Index', '').90","('Date', '').91","('Close', '^NSEI').91","('High', '^NSEI').91","('Low', '^NSEI').91","('Open', '^NSEI').91","('Volume', '^NSEI').91","('Index', '').91","('Date', '').92","('Close', '^NSEI').92","('High', '^NSEI').92","('Low', '^NSEI').92","('Open', '^NSEI').92","('Volume', '^NSEI').92","('Index', '').92","('Date', '').93","('Close', '^NSEI').93","('High', '^NSEI').93","('Low', '^NSEI').93","('Open', '^NSEI').93","('Volume', '^NSEI').93","('Index', '').93","('Date', '').94","('Close', '^NSEI').94","('High', '^NSEI').94","('Low', '^NSEI').94","('Open', '^NSEI').94","('Volume', '^NSEI').94","('Index', '').94","('Date', '').95","('Close', '^NSEI').95","('High', '^NSEI').95","('Low', '^NSEI').95","('Open', '^NSEI').95","('Volume', '^NSEI').95","('Index', '').95","('index', '')","('Close', '^NSEI').96","('High', '^NSEI').96","('Low', '^NSEI').96","('Open', '^NSEI').96","('Volume', '^NSEI').96","('Index', '').96","('index', '').1","('Close', '^NSEI').97","('High', '^NSEI').97","('Low', '^NSEI').97","('Open', '^NSEI').97","('Volume', '^NSEI').97","('Index', '').97","('index', '').2","('Close', '^NSEI').98","('High', '^NSEI').98","('Low', '^NSEI').98","('Open', '^NSEI').98","('Volume', '^NSEI').98","('Index', '').98","('index', '').3","('Close', '^NSEI').99","('High', '^NSEI').99","('Low', '^NSEI').99","('Open', '^NSEI').99","('Volume', '^NSEI').99","('Index', '').99","('Date', '').96","('Close', '^NSEI').100","('High', '^NSEI').100","('Low', '^NSEI').100","('Open', '^NSEI').100","('Volume', '^NSEI').100","('Index', '').100","('Date', '').97","('Close', '^NSEI').101","('High', '^NSEI').101","('Low', '^NSEI').101","('Open', '^NSEI').101","('Volume', '^NSEI').101","('Index', '').101","('Date', '').98","('Close', '^NSEI').102","('High', '^NSEI').102","('Low', '^NSEI').102","('Open', '^NSEI').102","('Volume', '^NSEI').102","('Index', '').102","('Date', '').99","('Close', '^NSEI').103","('High', '^NSEI').103","('Low', '^NSEI').103","('Open', '^NSEI').103","('Volume', '^NSEI').103","('Index', '').103","('Date', '').100","('Close', '^NSEI').104","('High', '^NSEI').104","('Low', '^NSEI').104","('Open', '^NSEI').104","('Volume', '^NSEI').104","('Index', '').104","('Date', '').101","('Close', '^NSEI').105","('High', '^NSEI').105","('Low', '^NSEI').105","('Open', '^NSEI').105","('Volume', '^NSEI').105","('Index', '').105","('Date', '').102","('Close', '^NSEI').106","('High', '^NSEI').106","('Low', '^NSEI').106","('Open', '^NSEI').106","('Volume', '^NSEI').106","('Index', '').106","('Date', '').103","('Close', '^NSEI').107","('High', '^NSEI').107","('Low', '^NSEI').107","('Open', '^NSEI').107","('Volume', '^NSEI').107","('Index', '').107","('Date', '').104","('Close', '^NSEI').108","('High', '^NSEI').108","('Low', '^NSEI').108","('Open', '^NSEI').108","('Volume', '^NSEI').108","('Index', '').108","('Date', '').105","('Close', '^NSEI').109","('High', '^NSEI').109","('Low', '^NSEI').109","('Open', '^NSEI').109","('Volume', '^NSEI').109","('Index', '').109","('Date', '').106","('Close', '^NSEI').110","('High', '^NSEI').110","('Low', '^NSEI').110","('Open', '^NSEI').110","('Volume', '^NSEI').110","('Index', '').110","('Date', '').107","('Close', '^NSEI').111","('High', '^NSEI').111","('Low', '^NSEI').111","('Open', '^NSEI').111","('Volume', '^NSEI').111","('Index', '').111","('Date', '').108","('Close', '^NSEI').112","('High', '^NSEI').112","('Low', '^NSEI').112","('Open', '^NSEI').112","('Volume', '^NSEI').112","('Index', '').112","('Date', '').109","('Close', '^NSEI').113","('High', '^NSEI').113","('Low', '^NSEI').113","('Open', '^NSEI').113","('Volume', '^NSEI').113","('Index', '').113","('Date', '').110","('Close', '^NSEI').114","('High', '^NSEI').114","('Low', '^NSEI').114","('Open', '^NSEI').114","('Volume', '^NSEI').114","('Index', '').114","('Date', '').111","('Close', '^NSEI').115","('High', '^NSEI').115","('Low', '^NSEI').115","('Open', '^NSEI').115","('Volume', '^NSEI').115","('Index', '').115","('Date', '').112","('Close', '^NSEI').116","('High', '^NSEI').116","('Low', '^NSEI').116","('Open', '^NSEI').116","('Volume', '^NSEI').116","('Index', '').116","('Date', '').113","('Close', '^NSEI').117","('High', '^NSEI').117","('Low', '^NSEI').117","('Open', '^NSEI').117","('Volume', '^NSEI').117","('Index', '').117","('Date', '').114","('Close', '^NSEI').118","('High', '^NSEI').118","('Low', '^NSEI').118","('Open', '^NSEI').118","('Volume', '^NSEI').118","('Index', '').118","('Date', '').115","('Close', '^NSEI').119","('High', '^NSEI').119","('Low', '^NSEI').119","('Open', '^NSEI').119","('Volume', '^NSEI').119","('Index', '').119","('Date', '').116","('Close', '^NSEI').120","('High', '^NSEI').120","('Low', '^NSEI').120","('Open', '^NSEI').120","('Volume', '^NSEI').120","('Index', '').120","('Date', '').117","('Close', '^NSEI').121","('High', '^NSEI').121","('Low', '^NSEI').121","('Open', '^NSEI').121","('Volume', '^NSEI').121","('Index', '').121","('Date', '').118","('Close', '^NSEI').122","('High', '^NSEI').122","('Low', '^NSEI').122","('Open', '^NSEI').122","('Volume', '^NSEI').122","('Index', '').122","('Date', '').119","('Close', '^NSEI').123","('High', '^NSEI').123","('Low', '^NSEI').123","('Open', '^NSEI').123","('Volume', '^NSEI').123","('Index', '').123","('Date', '').120","('Close', '^NSEI').124","('High', '^NSEI').124","('Low', '^NSEI').124","('Open', '^NSEI').124","('Volume', '^NSEI').124","('Index', '').124","('Date', '').121","('Close', '^NSEI').125","('High', '^NSEI').125","('Low', '^NSEI').125","('Open', '^NSEI').125","('Volume', '^NSEI').125","('Index', '').125","('Date', '').122","('Close', '^NSEI').126","('High', '^NSEI').126","('Low', '^NSEI').126","('Open', '^NSEI').126","('Volume', '^NSEI').126","('Index', '').126","('Date', '').123","('Close', '^NSEI').127","('High', '^NSEI').127","('Low', '^NSEI').127","('Open', '^NSEI').127","('Volume', '^NSEI').127","('Index', '').127","('Date', '').124","('Close', '^NSEI').128","('High', '^NSEI').128","('Low', '^NSEI').128","('Open', '^NSEI').128","('Volume', '^NSEI').128","('Index', '').128","('Date', '').125","('Close', '^NSEI').129","('High', '^NSEI').129","('Low', '^NSEI').129","('Open', '^NSEI').129","('Volume', '^NSEI').129","('Index', '').129","('Date', '').126","('Close', '^NSEI').130","('High', '^NSEI').130","('Low', '^NSEI').130","('Open', '^NSEI').130","('Volume', '^NSEI').130","('Index', '').130","('Date', '').127","('Close', '^NSEI').131","('High', '^NSEI').131","('Low', '^NSEI').131","('Open', '^NSEI').131","('Volume', '^NSEI').131","('Index', '').131","('Date', '').128","('Close', '^NSEI').132","('High', '^NSEI').132","('Low', '^NSEI').132","('Open', '^NSEI').132","('Volume', '^NSEI').132","('Index', '').132","('Date', '').129","('Close', '^NSEI').133","('High', '^NSEI').133","('Low', '^NSEI').133","('Open', '^NSEI').133","('Volume', '^NSEI').133","('Index', '').133","('Date', '').130","('Close', '^NSEI').134","('High', '^NSEI').134","('Low', '^NSEI').134","('Open', '^NSEI').134","('Volume', '^NSEI').134","('Index', '').134","('Date', '').131","('Close', '^NSEI').135","('High', '^NSEI').135","('Low', '^NSEI').135","('Open', '^NSEI').135","('Volume', '^NSEI').135","('Index', '').135","('Date', '').132","('Close', '^NSEI').136","('High', '^NSEI').136","('Low', '^NSEI').136","('Open', '^NSEI').136","('Volume', '^NSEI').136","('Index', '').136","('Date', '').133","('Close', '^NSEI').137","('High', '^NSEI').137","('Low', '^NSEI').137","('Open', '^NSEI').137","('Volume', '^NSEI').137","('Index', '').137","('Date', '').134","('Close', '^NSEI').138","('High', '^NSEI').138","('Low', '^NSEI').138","('Open', '^NSEI').138","('Volume', '^NSEI').138","('Index', '').138","('Date', '').135","('Close', '^NSEI').139","('High', '^NSEI').139","('Low', '^NSEI').139","('Open', '^NSEI').139","('Volume', '^NSEI').139","('Index', '').139","('Date', '').136","('Close', '^NSEI').140","('High', '^NSEI').140","('Low', '^NSEI').140","('Open', '^NSEI').140","('Volume', '^NSEI').140","('Index', '').140","('Date', '').137","('Close', '^NSEI').141","('High', '^NSEI').141","('Low', '^NSEI').141","('Open', '^NSEI').141","('Volume', '^NSEI').141","('Index', '').141","('Date', '').138","('Close', '^NSEI').142","('High', '^NSEI').142","('Low', '^NSEI').142","('Open', '^NSEI').142","('Volume', '^NSEI').142","('Index', '').142","('Date', '').139","('Close', '^NSEI').143","('High', '^NSEI').143","('Low', '^NSEI').143","('Open', '^NSEI').143","('Volume', '^NSEI').143","('Index', '').143","('Date', '').140","('Close', '^NSEI').144","('High', '^NSEI').144","('Low', '^NSEI').144","('Open', '^NSEI').144","('Volume', '^NSEI').144","('Index', '').144","('Date', '').141","('Close', '^NSEI').145","('High', '^NSEI').145","('Low', '^NSEI').145","('Open', '^NSEI').145","('Volume', '^NSEI').145","('Index', '').145","('Date', '').142","('Close', '^NSEI').146","('High', '^NSEI').146","('Low', '^NSEI').146","('Open', '^NSEI').146","('Volume', '^NSEI').146","('Index', '').146","('Date', '').143","('Close', '^NSEI').147","('High', '^NSEI').147","('Low', '^NSEI').147","('Open', '^NSEI').147","('Volume', '^NSEI').147","('Index', '').147","('Date', '').144","('Close', '^NSEI').148","('High', '^NSEI').148","('Low', '^NSEI').148","('Open', '^NSEI').148","('Volume', '^NSEI').148","('Index', '').148","('Date', '').145","('Close', '^NSEI').149","('High', '^NSEI').149","('Low', '^NSEI').149","('Open', '^NSEI').149","('Volume', '^NSEI').149","('Index', '').149","('Date', '').146","('Close', '^NSEI').150","('High', '^NSEI').150","('Low', '^NSEI').150","('Open', '^NSEI').150","('Volume', '^NSEI').150","('Index', '').150","('Date', '').147","('Close', '^NSEI').151","('High', '^NSEI').151","('Low', '^NSEI').151","('Open', '^NSEI').151","('Volume', '^NSEI').151","('Index', '').151","('Date', '').148","('Close', '^NSEI').152","('High', '^NSEI').152","('Low', '^NSEI').152","('Open', '^NSEI').152","('Volume', '^NSEI').152","('Index', '').152","('Date', '').149","('Close', '^NSEI').153","('High', '^NSEI').153","('Low', '^NSEI').153","('Open', '^NSEI').153","('Volume', '^NSEI').153","('Index', '').153",daily_return_pct,7d_return_pct,30d_return_pct,7d_volatility
2025-12-31,26129.599609375,26187.94921875,25969.0,25971.05078125,246300,NIFTY 50,,,,,,,,,,,,,,,,,,,,,,,,,,,,,,,,,,,,,,,,,,,,,,,,,,,,,,,,,,,,,,,,,,,,,,,,,,,,,,,,,,,,,,,,,,,,,,,,,,,,,,,,,,,,,,,,,,,,,,,,,,,,,,,,,,,,,,,,,,,,,,,,,,,,,,,,,,,,,,,,,,,,,,,,,,,,,,,,,,,,,,,,,,,,,,,,,,,,,,,,,,,,,,,,,,,,,,,,,,,,,,,,,,,,,,,,,,,,,,,,,,,,,,,,,,,,,,,,,,,,,,,,,,,,,,,,,,,,,,,,,,,,,,,,,,,,,,,,,,,,,,,,,,,,,,,,,,,,,,,,,,,,,,,,,,,,,,,,,,,,,,,,,,,,,,,,,,,,,,,,,,,,,,,,,,,,,,,,,,,,,,,,,,,,,,,,,,,,,,,,,,,,,,,,,,,,,,,,,,,,,,,,,,,,,,,,,,,,,,,,,,,,,,,,,,,,,,,,,,,,,,,,,,,,,,,,,,,,,,,,,,,,,,,,,,,,,,,,,,,,,,,,,,,,,,,,,,,,,,,,,,,,,,,,,,,,,,,,,,,,,,,,,,,,,,,,,,,,,,,,,,,,,,,,,,,,,,,,,,,,,,,,,,,,,,,,,,,,,,,,,,,,,,,,,,,,,,,,,,,,,,,,,,,,,,,,,,,,,,,,,,,,,,,,,,,,,,,,,,,,,,,,,,,,,,,,,,,,,,,,,,,,,,,,,,,,,,,,,,,,,,,,,,,,,,,,,,,,,,,,,,,,,,,,,,,,,,,,,,,,,,,,,,,,,,,,,,,,,,,,,,,,,,,,,,,,,,,,,,,,,,,,,,,,,,,,,,,,,,,,,,,,,,,,,,,,,,,,,,,,,,,,,,,,,,,,,,,,,,,,,,,,,,,,,,,,,,,,,,,,,,,,,,,,,,,,,,,,,,,,,,,,,,,,,,,,,,,,,,,,,,,,,,,,,,,,,,,,,,,,,,,,,,,,,,,,,,,,,,,,,,,,,,,,,,,,,,,,,,,,,,,,,,,,,,,,,,,,,,,,,,,,,,,,,,,,,,,,,,,,,,,,,,,,,,,,,,,,,,,,,,,,,,,,,,,,,,,,,,,,,,,,,,,,,,,,,,,,,,,,,,,,,,,,,,,,,,,,,,,,,,
2026-01-01,26146.55078125,26197.55078125,26113.400390625,26173.30078125,425600,NIFTY 50,,,,,,,,,,,,,,,,,,,,,,,,,,,,,,,,,,,,,,,,,,,,,,,,,,,,,,,,,,,,,,,,,,,,,,,,,,,,,,,,,,,,,,,,,,,,,,,,,,,,,,,,,,,,,,,,,,,,,,,,,,,,,,,,,,,,,,,,,,,,,,,,,,,,,,,,,,,,,,,,,,,,,,,,,,,,,,,,,,,,,,,,,,,,,,,,,,,,,,,,,,,,,,,,,,,,,,,,,,,,,,,,,,,,,,,,,,,,,,,,,,,,,,,,,,,,,,,,,,,,,,,,,,,,,,,,,,,,,,,,,,,,,,,,,,,,,,,,,,,,,,,,,,,,,,,,,,,,,,,,,,,,,,,,,,,,,,,,,,,,,,,,,,,,,,,,,,,,,,,,,,,,,,,,,,,,,,,,,,,,,,,,,,,,,,,,,,,,,,,,,,,,,,,,,,,,,,,,,,,,,,,,,,,,,,,,,,,,,,,,,,,,,,,,,,,,,,,,,,,,,,,,,,,,,,,,,,,,,,,,,,,,,,,,,,,,,,,,,,,,,,,,,,,,,,,,,,,,,,,,,,,,,,,,,,,,,,,,,,,,,,,,,,,,,,,,,,,,,,,,,,,,,,,,,,,,,,,,,,,,,,,,,,,,,,,,,,,,,,,,,,,,,,,,,,,,,,,,,,,,,,,,,,,,,,,,,,,,,,,,,,,,,,,,,,,,,,,,,,,,,,,,,,,,,,,,,,,,,,,,,,,,,,,,,,,,,,,,,,,,,,,,,,,,,,,,,,,,,,,,,,,,,,,,,,,,,,,,,,,,,,,,,,,,,,,,,,,,,,,,,,,,,,,,,,,,,,,,,,,,,,,,,,,,,,,,,,,,,,,,,,,,,,,,,,,,,,,,,,,,,,,,,,,,,,,,,,,,,,,,,,,,,,,,,,,,,,,,,,,,,,,,,,,,,,,,,,,,,,,,,,,,,,,,,,,,,,,,,,,,,,,,,,,,,,,,,,,,,,,,,,,,,,,,,,,,,,,,,,,,,,,,,,,,,,,,,,,,,,,,,,,,,,,,,,,,,,,,,,,,,,,,,,,,,,,,,,,,,,,,,,,,,,,,,,,,,,,,,,,,,,,,,,,,,,,,,,,,,,,,,,,,,,,,,,,,,,,,,,,,,,,,,,,,,,,,,,,,,,,0.06487344669803274,,,
2026-01-02,26328.55078125,26340.0,26118.400390625,26155.099609375,357500,NIFTY 50,,,,,,,,,,,,,,,,,,,,,,,,,,,,,,,,,,,,,,,,,,,,,,,,,,,,,,,,,,,,,,,,,,,,,,,,,,,,,,,,,,,,,,,,,,,,,,,,,,,,,,,,,,,,,,,,,,,,,,,,,,,,,,,,,,,,,,,,,,,,,,,,,,,,,,,,,,,,,,,,,,,,,,,,,,,,,,,,,,,,,,,,,,,,,,,,,,,,,,,,,,,,,,,,,,,,,,,,,,,,,,,,,,,,,,,,,,,,,,,,,,,,,,,,,,,,,,,,,,,,,,,,,,,,,,,,,,,,,,,,,,,,,,,,,,,,,,,,,,,,,,,,,,,,,,,,,,,,,,,,,,,,,,,,,,,,,,,,,,,,,,,,,,,,,,,,,,,,,,,,,,,,,,,,,,,,,,,,,,,,,,,,,,,,,,,,,,,,,,,,,,,,,,,,,,,,,,,,,,,,,,,,,,,,,,,,,,,,,,,,,,,,,,,,,,,,,,,,,,,,,,,,,,,,,,,,,,,,,,,,,,,,,,,,,,,,,,,,,,,,,,,,,,,,,,,,,,,,,,,,,,,,,,,,,,,,,,,,,,,,,,,,,,,,,,,,,,,,,,,,,,,,,,,,,,,,,,,,,,,,,,,,,,,,,,,,,,,,,,,,,,,,,,,,,,,,,,,,,,,,,,,,,,,,,,,,,,,,,,,,,,,,,,,,,,,,,,,,,,,,,,,,,,,,,,,,,,,,,,,,,,,,,,,,,,,,,,,,,,,,,,,,,,,,,,,,,,,,,,,,,,,,,,,,,,,,,,,,,,,,,,,,,,,,,,,,,,,,,,,,,,,,,,,,,,,,,,,,,,,,,,,,,,,,,,,,,,,,,,,,,,,,,,,,,,,,,,,,,,,,,,,,,,,,,,,,,,,,,,,,,,,,,,,,,,,,,,,,,,,,,,,,,,,,,,,,,,,,,,,,,,,,,,,,,,,,,,,,,,,,,,,,,,,,,,,,,,,,,,,,,,,,,,,,,,,,,,,,,,,,,,,,,,,,,,,,,,,,,,,,,,,,,,,,,,,,,,,,,,,,,,,,,,,,,,,,,,,,,,,,,,,,,,,,,,,,,,,,,,,,,,,,,,,,,,,,,,,,,,,,,,,,,,,,,,,,,,,,,,,,,,,,,,,,,,,,,,,,,,,0.6960765170238581,,,
2026-01-05,26250.30078125,26373.19921875,26210.05078125,26333.69921875,338800,NIFTY 50,,,,,,,,,,,,,,,,,,,,,,,,,,,,,,,,,,,,,,,,,,,,,,,,,,,,,,,,,,,,,,,,,,,,,,,,,,,,,,,,,,,,,,,,,,,,,,,,,,,,,,,,,,,,,,,,,,,,,,,,,,,,,,,,,,,,,,,,,,,,,,,,,,,,,,,,,,,,,,,,,,,,,,,,,,,,,,,,,,,,,,,,,,,,,,,,,,,,,,,,,,,,,,,,,,,,,,,,,,,,,,,,,,,,,,,,,,,,,,,,,,,,,,,,,,,,,,,,,,,,,,,,,,,,,,,,,,,,,,,,,,,,,,,,,,,,,,,,,,,,,,,,,,,,,,,,,,,,,,,,,,,,,,,,,,,,,,,,,,,,,,,,,,,,,,,,,,,,,,,,,,,,,,,,,,,,,,,,,,,,,,,,,,,,,,,,,,,,,,,,,,,,,,,,,,,,,,,,,,,,,,,,,,,,,,,,,,,,,,,,,,,,,,,,,,,,,,,,,,,,,,,,,,,,,,,,,,,,,,,,,,,,,,,,,,,,,,,,,,,,,,,,,,,,,,,,,,,,,,,,,,,,,,,,,,,,,,,,,,,,,,,,,,,,,,,,,,,,,,,,,,,,,,,,,,,,,,,,,,,,,,,,,,,,,,,,,,,,,,,,,,,,,,,,,,,,,,,,,,,,,,,,,,,,,,,,,,,,,,,,,,,,,,,,,,,,,,,,,,,,,,,,,,,,,,,,,,,,,,,,,,,,,,,,,,,,,,,,,,,,,,,,,,,,,,,,,,,,,,,,,,,,,,,,,,,,,,,,,,,,,,,,,,,,,,,,,,,,,,,,,,,,,,,,,,,,,,,,,,,,,,,,,,,,,,,,,,,,,,,,,,,,,,,,,,,,,,,,,,,,,,,,,,,,,,,,,,,,,,,,,,,,,,,,,,,,,,,,,,,,,,,,,,,,,,,,,,,,,,,,,,,,,,,,,,,,,,,,,,,,,,,,,,,,,,,,,,,,,,,,,,,,,,,,,,,,,,,,,,,,,,,,,,,,,,,,,,,,,,,,,,,,,,,,,,,,,,,,,,,,,,,,,,,,,,,,,,,,,,,,,,,,,,,,,,,,,,,,,,,,,,,,,,,,,,,,,,,,,,,,,,,,,,,,,,,,,,,,,,,,,,,,,,,,,,,,,,,,,,,-0.2972058760474017,,,
2026-01-06,26178.69921875,26273.94921875,26124.75,26189.69921875,383000,NIFTY 50,,,,,,,,,,,,,,,,,,,,,,,,,,,,,,,,,,,,,,,,,,,,,,,,,,,,,,,,,,,,,,,,,,,,,,,,,,,,,,,,,,,,,,,,,,,,,,,,,,,,,,,,,,,,,,,,,,,,,,,,,,,,,,,,,,,,,,,,,,,,,,,,,,,,,,,,,,,,,,,,,,,,,,,,,,,,,,,,,,,,,,,,,,,,,,,,,,,,,,,,,,,,,,,,,,,,,,,,,,,,,,,,,,,,,,,,,,,,,,,,,,,,,,,,,,,,,,,,,,,,,,,,,,,,,,,,,,,,,,,,,,,,,,,,,,,,,,,,,,,,,,,,,,,,,,,,,,,,,,,,,,,,,,,,,,,,,,,,,,,,,,,,,,,,,,,,,,,,,,,,,,,,,,,,,,,,,,,,,,,,,,,,,,,,,,,,,,,,,,,,,,,,,,,,,,,,,,,,,,,,,,,,,,,,,,,,,,,,,,,,,,,,,,,,,,,,,,,,,,,,,,,,,,,,,,,,,,,,,,,,,,,,,,,,,,,,,,,,,,,,,,,,,,,,,,,,,,,,,,,,,,,,,,,,,,,,,,,,,,,,,,,,,,,,,,,,,,,,,,,,,,,,,,,,,,,,,,,,,,,,,,,,,,,,,,,,,,,,,,,,,,,,,,,,,,,,,,,,,,,,,,,,,,,,,,,,,,,,,,,,,,,,,,,,,,,,,,,,,,,,,,,,,,,,,,,,,,,,,,,,,,,,,,,,,,,,,,,,,,,,,,,,,,,,,,,,,,,,,,,,,,,,,,,,,,,,,,,,,,,,,,,,,,,,,,,,,,,,,,,,,,,,,,,,,,,,,,,,,,,,,,,,,,,,,,,,,,,,,,,,,,,,,,,,,,,,,,,,,,,,,,,,,,,,,,,,,,,,,,,,,,,,,,,,,,,,,,,,,,,,,,,,,,,,,,,,,,,,,,,,,,,,,,,,,,,,,,,,,,,,,,,,,,,,,,,,,,,,,,,,,,,,,,,,,,,,,,,,,,,,,,,,,,,,,,,,,,,,,,,,,,,,,,,,,,,,,,,,,,,,,,,,,,,,,,,,,,,,,,,,,,,,,,,,,,,,,,,,,,,,,,,,,,,,,,,,,,,,,,,,,,,,,,,,,,,,,,,,,,,,,,,,,,,,,,,,,,,,,,,-0.27276473171363724,,,
2026-01-07,26140.75,26187.150390625,26067.900390625,26143.099609375,338200,NIFTY 50,,,,,,,,,,,,,,,,,,,,,,,,,,,,,,,,,,,,,,,,,,,,,,,,,,,,,,,,,,,,,,,,,,,,,,,,,,,,,,,,,,,,,,,,,,,,,,,,,,,,,,,,,,,,,,,,,,,,,,,,,,,,,,,,,,,,,,,,,,,,,,,,,,,,,,,,,,,,,,,,,,,,,,,,,,,,,,,,,,,,,,,,,,,,,,,,,,,,,,,,,,,,,,,,,,,,,,,,,,,,,,,,,,,,,,,,,,,,,,,,,,,,,,,,,,,,,,,,,,,,,,,,,,,,,,,,,,,,,,,,,,,,,,,,,,,,,,,,,,,,,,,,,,,,,,,,,,,,,,,,,,,,,,,,,,,,,,,,,,,,,,,,,,,,,,,,,,,,,,,,,,,,,,,,,,,,,,,,,,,,,,,,,,,,,,,,,,,,,,,,,,,,,,,,,,,,,,,,,,,,,,,,,,,,,,,,,,,,,,,,,,,,,,,,,,,,,,,,,,,,,,,,,,,,,,,,,,,,,,,,,,,,,,,,,,,,,,,,,,,,,,,,,,,,,,,,,,,,,,,,,,,,,,,,,,,,,,,,,,,,,,,,,,,,,,,,,,,,,,,,,,,,,,,,,,,,,,,,,,,,,,,,,,,,,,,,,,,,,,,,,,,,,,,,,,,,,,,,,,,,,,,,,,,,,,,,,,,,,,,,,,,,,,,,,,,,,,,,,,,,,,,,,,,,,,,,,,,,,,,,,,,,,,,,,,,,,,,,,,,,,,,,,,,,,,,,,,,,,,,,,,,,,,,,,,,,,,,,,,,,,,,,,,,,,,,,,,,,,,,,,,,,,,,,,,,,,,,,,,,,,,,,,,,,,,,,,,,,,,,,,,,,,,,,,,,,,,,,,,,,,,,,,,,,,,,,,,,,,,,,,,,,,,,,,,,,,,,,,,,,,,,,,,,,,,,,,,,,,,,,,,,,,,,,,,,,,,,,,,,,,,,,,,,,,,,,,,,,,,,,,,,,,,,,,,,,,,,,,,,,,,,,,,,,,,,,,,,,,,,,,,,,,,,,,,,,,,,,,,,,,,,,,,,,,,,,,,,,,,,,,,,,,,,,,,,,,,,,,,,,,,,,,,,,,,,,,,,,,,,,,,,,,,,,,,,,,,,,,,,,,,,,,,,,,,,,,,,,,,,-0.1449622016468255,,,
2026-01-08,25876.849609375,26133.19921875,25858.44921875,26106.5,328500,NIFTY 50,,,,,,,,,,,,,,,,,,,,,,,,,,,,,,,,,,,,,,,,,,,,,,,,,,,,,,,,,,,,,,,,,,,,,,,,,,,,,,,,,,,,,,,,,,,,,,,,,,,,,,,,,,,,,,,,,,,,,,,,,,,,,,,,,,,,,,,,,,,,,,,,,,,,,,,,,,,,,,,,,,,,,,,,,,,,,,,,,,,,,,,,,,,,,,,,,,,,,,,,,,,,,,,,,,,,,,,,,,,,,,,,,,,,,,,,,,,,,,,,,,,,,,,,,,,,,,,,,,,,,,,,,,,,,,,,,,,,,,,,,,,,,,,,,,,,,,,,,,,,,,,,,,,,,,,,,,,,,,,,,,,,,,,,,,,,,,,,,,,,,,,,,,,,,,,,,,,,,,,,,,,,,,,,,,,,,,,,,,,,,,,,,,,,,,,,,,,,,,,,,,,,,,,,,,,,,,,,,,,,,,,,,,,,,,,,,,,,,,,,,,,,,,,,,,,,,,,,,,,,,,,,,,,,,,,,,,,,,,,,,,,,,,,,,,,,,,,,,,,,,,,,,,,,,,,,,,,,,,,,,,,,,,,,,,,,,,,,,,,,,,,,,,,,,,,,,,,,,,,,,,,,,,,,,,,,,,,,,,,,,,,,,,,,,,,,,,,,,,,,,,,,,,,,,,,,,,,,,,,,,,,,,,,,,,,,,,,,,,,,,,,,,,,,,,,,,,,,,,,,,,,,,,,,,,,,,,,,,,,,,,,,,,,,,,,,,,,,,,,,,,,,,,,,,,,,,,,,,,,,,,,,,,,,,,,,,,,,,,,,,,,,,,,,,,,,,,,,,,,,,,,,,,,,,,,,,,,,,,,,,,,,,,,,,,,,,,,,,,,,,,,,,,,,,,,,,,,,,,,,,,,,,,,,,,,,,,,,,,,,,,,,,,,,,,,,,,,,,,,,,,,,,,,,,,,,,,,,,,,,,,,,,,,,,,,,,,,,,,,,,,,,,,,,,,,,,,,,,,,,,,,,,,,,,,,,,,,,,,,,,,,,,,,,,,,,,,,,,,,,,,,,,,,,,,,,,,,,,,,,,,,,,,,,,,,,,,,,,,,,,,,,,,,,,,,,,,,,,,,,,,,,,,,,,,,,,,,,,,,,,,,,,,,,,,,,,,,,,,,,,,,,,,,,,,,,,,,,,,,-1.0095364158449915,,,
2026-01-09,25683.30078125,25940.599609375,25623.0,25840.400390625,348800,NIFTY 50,,,,,,,,,,,,,,,,,,,,,,,,,,,,,,,,,,,,,,,,,,,,,,,,,,,,,,,,,,,,,,,,,,,,,,,,,,,,,,,,,,,,,,,,,,,,,,,,,,,,,,,,,,,,,,,,,,,,,,,,,,,,,,,,,,,,,,,,,,,,,,,,,,,,,,,,,,,,,,,,,,,,,,,,,,,,,,,,,,,,,,,,,,,,,,,,,,,,,,,,,,,,,,,,,,,,,,,,,,,,,,,,,,,,,,,,,,,,,,,,,,,,,,,,,,,,,,,,,,,,,,,,,,,,,,,,,,,,,,,,,,,,,,,,,,,,,,,,,,,,,,,,,,,,,,,,,,,,,,,,,,,,,,,,,,,,,,,,,,,,,,,,,,,,,,,,,,,,,,,,,,,,,,,,,,,,,,,,,,,,,,,,,,,,,,,,,,,,,,,,,,,,,,,,,,,,,,,,,,,,,,,,,,,,,,,,,,,,,,,,,,,,,,,,,,,,,,,,,,,,,,,,,,,,,,,,,,,,,,,,,,,,,,,,,,,,,,,,,,,,,,,,,,,,,,,,,,,,,,,,,,,,,,,,,,,,,,,,,,,,,,,,,,,,,,,,,,,,,,,,,,,,,,,,,,,,,,,,,,,,,,,,,,,,,,,,,,,,,,,,,,,,,,,,,,,,,,,,,,,,,,,,,,,,,,,,,,,,,,,,,,,,,,,,,,,,,,,,,,,,,,,,,,,,,,,,,,,,,,,,,,,,,,,,,,,,,,,,,,,,,,,,,,,,,,,,,,,,,,,,,,,,,,,,,,,,,,,,,,,,,,,,,,,,,,,,,,,,,,,,,,,,,,,,,,,,,,,,,,,,,,,,,,,,,,,,,,,,,,,,,,,,,,,,,,,,,,,,,,,,,,,,,,,,,,,,,,,,,,,,,,,,,,,,,,,,,,,,,,,,,,,,,,,,,,,,,,,,,,,,,,,,,,,,,,,,,,,,,,,,,,,,,,,,,,,,,,,,,,,,,,,,,,,,,,,,,,,,,,,,,,,,,,,,,,,,,,,,,,,,,,,,,,,,,,,,,,,,,,,,,,,,,,,,,,,,,,,,,,,,,,,,,,,,,,,,,,,,,,,,,,,,,,,,,,,,,,,,,,,,,,,,,,,,,,,,,,,,,,,,,,,,,,,,,,,,,,,,,,,-0.7479613285493514,-1.7080201564392605,,0.5526654682066005
2026-01-12,25790.25,25813.150390625,25473.400390625,25669.05078125,275800,NIFTY 50,,,,,,,,,,,,,,,,,,,,,,,,,,,,,,,,,,,,,,,,,,,,,,,,,,,,,,,,,,,,,,,,,,,,,,,,,,,,,,,,,,,,,,,,,,,,,,,,,,,,,,,,,,,,,,,,,,,,,,,,,,,,,,,,,,,,,,,,,,,,,,,,,,,,,,,,,,,,,,,,,,,,,,,,,,,,,,,,,,,,,,,,,,,,,,,,,,,,,,,,,,,,,,,,,,,,,,,,,,,,,,,,,,,,,,,,,,,,,,,,,,,,,,,,,,,,,,,,,,,,,,,,,,,,,,,,,,,,,,,,,,,,,,,,,,,,,,,,,,,,,,,,,,,,,,,,,,,,,,,,,,,,,,,,,,,,,,,,,,,,,,,,,,,,,,,,,,,,,,,,,,,,,,,,,,,,,,,,,,,,,,,,,,,,,,,,,,,,,,,,,,,,,,,,,,,,,,,,,,,,,,,,,,,,,,,,,,,,,,,,,,,,,,,,,,,,,,,,,,,,,,,,,,,,,,,,,,,,,,,,,,,,,,,,,,,,,,,,,,,,,,,,,,,,,,,,,,,,,,,,,,,,,,,,,,,,,,,,,,,,,,,,,,,,,,,,,,,,,,,,,,,,,,,,,,,,,,,,,,,,,,,,,,,,,,,,,,,,,,,,,,,,,,,,,,,,,,,,,,,,,,,,,,,,,,,,,,,,,,,,,,,,,,,,,,,,,,,,,,,,,,,,,,,,,,,,,,,,,,,,,,,,,,,,,,,,,,,,,,,,,,,,,,,,,,,,,,,,,,,,,,,,,,,,,,,,,,,,,,,,,,,,,,,,,,,,,,,,,,,,,,,,,,,,,,,,,,,,,,,,,,,,,,,,,,,,,,,,,,,,,,,,,,,,,,,,,,,,,,,,,,,,,,,,,,,,,,,,,,,,,,,,,,,,,,,,,,,,,,,,,,,,,,,,,,,,,,,,,,,,,,,,,,,,,,,,,,,,,,,,,,,,,,,,,,,,,,,,,,,,,,,,,,,,,,,,,,,,,,,,,,,,,,,,,,,,,,,,,,,,,,,,,,,,,,,,,,,,,,,,,,,,,,,,,,,,,,,,,,,,,,,,,,,,,,,,,,,,,,,,,,,,,,,,,,,,,,,,,,,,,,,,,,,,,,,,,,,,,,,,,,,,,,,,,,,,,,,,,,,0.41641539637333747,-1.3627066309086833,,0.599454678014465
2026-01-13,25764.599609375,25899.80078125,25700.849609375,25897.349609375,0,NIFTY 50,,,,,,,,,,,,,,,,,,,,,,,,,,,,,,,,,,,,,,,,,,,,,,,,,,,,,,,,,,,,,,,,,,,,,,,,,,,,,,,,,,,,,,,,,,,,,,,,,,,,,,,,,,,,,,,,,,,,,,,,,,,,,,,,,,,,,,,,,,,,,,,,,,,,,,,,,,,,,,,,,,,,,,,,,,,,,,,,,,,,,,,,,,,,,,,,,,,,,,,,,,,,,,,,,,,,,,,,,,,,,,,,,,,,,,,,,,,,,,,,,,,,,,,,,,,,,,,,,,,,,,,,,,,,,,,,,,,,,,,,,,,,,,,,,,,,,,,,,,,,,,,,,,,,,,,,,,,,,,,,,,,,,,,,,,,,,,,,,,,,,,,,,,,,,,,,,,,,,,,,,,,,,,,,,,,,,,,,,,,,,,,,,,,,,,,,,,,,,,,,,,,,,,,,,,,,,,,,,,,,,,,,,,,,,,,,,,,,,,,,,,,,,,,,,,,,,,,,,,,,,,,,,,,,,,,,,,,,,,,,,,,,,,,,,,,,,,,,,,,,,,,,,,,,,,,,,,,,,,,,,,,,,,,,,,,,,,,,,,,,,,,,,,,,,,,,,,,,,,,,,,,,,,,,,,,,,,,,,,,,,,,,,,,,,,,,,,,,,,,,,,,,,,,,,,,,,,,,,,,,,,,,,,,,,,,,,,,,,,,,,,,,,,,,,,,,,,,,,,,,,,,,,,,,,,,,,,,,,,,,,,,,,,,,,,,,,,,,,,,,,,,,,,,,,,,,,,,,,,,,,,,,,,,,,,,,,,,,,,,,,,,,,,,,,,,,,,,,,,,,,,,,,,,,,,,,,,,,,,,,,,,,,,,,,,,,,,,,,,,,,,,,,,,,,,,,,,,,,,,,,,,,,,,,,,,,,,,,,,,,,,,,,,,,,,,,,,,,,,,,,,,,,,,,,,,,,,,,,,,,,,,,,,,,,,,,,,,,,,,,,,,,,,,,,,,,,,,,,,,,,,,,,,,,,,,,,,,,,,,,,,,,,,,,,,,,,,,,,,,,,,,,,,,,,,,,,,,,,,,,,,,,,,,,,,,,,,,,,,,,,,,,,,,,,,,,,,,,,,,,,,,,,,,,,,,,,,,,,,,,,,,,,,,,,,,,,,,,,,,,,,,,,,,,,,,,,,,,,,,-0.09945770446195823,-2.1419757454961053,,0.46222761170682275
